low_q,high_q,mid_q,n_trades,n_is,n_oos,is_sharpe,oos_sharpe,min_sharpe
0.01,0.7,0.4,764,649,115,0.6355829591258582,0.7669219104924511,0.6355829591258582
0.01,0.7,0.45,776,658,118,0.5984342457191556,0.9937085535632061,0.5984342457191556
0.01,0.7,0.5,788,668,120,0.38504508752207933,1.1968333526078523,0.38504508752207933
0.01,0.7,0.55,804,681,123,0.5016010214634148,1.1730187464117097,0.5016010214634148
0.01,0.7,0.6,826,699,127,0.45909514740003676,0.9736909327939103,0.45909514740003676
0.01,0.8,0.4,640,539,101,0.6495379128630192,-0.014032417919248088,-0.014032417919248088
0.01,0.8,0.45,647,544,103,0.6033619147996312,0.26954086821409695,0.26954086821409695
0.01,0.8,0.5,658,553,105,0.4435187049559036,0.6184256676258243,0.4435187049559036
0.01,0.8,0.55,665,559,106,0.6270974672005086,0.5294791030090097,0.5294791030090097
0.01,0.8,0.6,673,566,107,0.5639937174855094,0.7838601955297007,0.5639937174855094
0.01,0.9,0.4,486,409,77,0.4991519622246354,0.6947152208922249,0.4991519622246354
0.01,0.9,0.45,489,411,78,0.586100649124088,1.020114735740771,0.586100649124088
0.01,0.9,0.5,492,413,79,0.3880503154083979,1.2314043338945544,0.3880503154083979
0.01,0.9,0.55,495,416,79,0.3953566529355597,1.2509181307269217,0.3953566529355597
0.01,0.9,0.6,494,415,79,0.3830256718182525,1.4439676408985451,0.3830256718182525
0.01,0.92,0.4,456,380,76,0.42357013019470824,0.5463694936982979,0.42357013019470824
0.01,0.92,0.45,460,383,77,0.4512898546251356,0.8675958259960617,0.4512898546251356
0.01,0.92,0.5,461,383,78,0.2536430182986296,1.0717223017679522,0.2536430182986296
0.01,0.92,0.55,462,384,78,0.33193292517818734,1.0940143957079147,0.33193292517818734
0.01,0.92,0.6,462,384,78,0.2938504005034819,1.2934590151525491,0.2938504005034819
0.01,0.95,0.4,399,332,67,0.4041194332099859,-0.13999475448190182,-0.13999475448190182
0.01,0.95,0.45,400,332,68,0.4872515106464507,0.27399946534282266,0.27399946534282266
0.01,0.95,0.5,402,333,69,0.2660555928991186,0.5447192311383007,0.2660555928991186
0.01,0.95,0.55,403,334,69,0.3573141482969827,0.4247415308849406,0.3573141482969827
0.01,0.95,0.6,404,335,69,0.3498050293893828,0.720026326990323,0.3498050293893828
0.01,0.975,0.4,343,288,55,0.3044896253814354,-0.005436351061661613,-0.005436351061661613
0.01,0.975,0.45,342,287,55,0.3805569309224971,0.44225784501608983,0.3805569309224971
0.01,0.975,0.5,345,289,56,0.16382308036588936,0.6620934300743028,0.16382308036588936
0.01,0.975,0.55,345,289,56,0.1950553270811663,0.5525046305781034,0.1950553270811663
0.01,0.975,0.6,346,290,56,0.09074226476685242,0.686956607620673,0.09074226476685242
0.01,0.99,0.4,311,262,49,0.29860247835827924,-0.10134235493484252,-0.10134235493484252
0.01,0.99,0.45,310,261,49,0.39469734216579944,0.33175615877349723,0.33175615877349723
0.01,0.99,0.5,313,263,50,0.19494609319093165,0.6472070746433726,0.19494609319093165
0.01,0.99,0.55,313,263,50,0.22402303811190394,0.7589917403654021,0.22402303811190394
0.01,0.99,0.6,313,263,50,0.09480590407560302,0.9148652302778282,0.09480590407560302
0.025,0.7,0.4,798,676,122,0.5336241554470424,0.7852059460618497,0.5336241554470424
0.025,0.7,0.45,810,685,125,0.5135799233410193,1.0279047816899847,0.5135799233410193
0.025,0.7,0.5,822,695,127,0.31810784714788676,1.2522785360965218,0.31810784714788676
0.025,0.7,0.55,837,707,130,0.4381745587087537,1.2357418127859547,0.4381745587087537
0.025,0.7,0.6,859,725,134,0.3651357837622627,1.0125267607941841,0.3651357837622627
0.025,0.8,0.4,674,566,108,0.5483334497974061,0.03037939512266137,0.03037939512266137
0.025,0.8,0.45,681,571,110,0.5185077145040946,0.32718840905240165,0.32718840905240165
0.025,0.8,0.5,692,580,112,0.3755224544718625,0.6955900648324497,0.3755224544718625
0.025,0.8,0.55,698,585,113,0.5606697681957405,0.6141071855504663,0.5606697681957405
0.025,0.8,0.6,706,592,114,0.4681661399035267,0.8344069329289663,0.4681661399035267
0.025,0.9,0.4,520,436,84,0.3718362715838845,0.7265868235034013,0.3718362715838845
0.025,0.9,0.45,523,438,85,0.48380524566010763,1.0672195274683858,0.48380524566010763
0.025,0.9,0.5,526,440,86,0.3064554059238033,1.3016666446833614,0.3064554059238033
0.025,0.9,0.55,528,442,86,0.3213749354029999,1.3295611294510867,0.3213749354029999
0.025,0.9,0.6,527,441,86,0.2725827809269136,1.487395366793089,0.2725827809269136
0.025,0.92,0.4,490,407,83,0.2918882396904187,0.5819010253427036,0.2918882396904187
0.025,0.92,0.45,494,410,84,0.3488975469986306,0.9176790822574086,0.3488975469986306
0.025,0.92,0.5,495,410,85,0.17436248428496348,1.1471080022777218,0.17436248428496348
0.025,0.92,0.55,495,410,85,0.2572508944396308,1.1763417494521904,0.2572508944396308
0.025,0.92,0.6,495,410,85,0.1830662020216289,1.3419729429788436,0.1830662020216289
0.025,0.95,0.4,433,359,74,0.2776988808767596,-0.06489927682419643,-0.06489927682419643
0.025,0.95,0.45,434,359,75,0.386800164860448,0.3571779768806449,0.3571779768806449
0.025,0.95,0.5,436,360,76,0.1874425433638204,0.6491371604301133,0.1874425433638204
0.025,0.95,0.55,436,360,76,0.2829870508151263,0.5398901385217352,0.2829870508151263
0.025,0.95,0.6,437,361,76,0.23831570083090908,0.790247435910657,0.23831570083090908
0.025,0.975,0.4,377,315,62,0.15068329898318894,0.06699834078475415,0.06699834078475415
0.025,0.975,0.45,376,314,62,0.26266859964304434,0.5214642087753896,0.26266859964304434
0.025,0.975,0.5,379,316,63,0.07553234219959433,0.7652226525560418,0.07553234219959433
0.025,0.975,0.55,378,315,63,0.11410763683297175,0.6698344949003726,0.11410763683297175
0.025,0.975,0.6,379,316,63,-0.028263347379919875,0.7630325939537377,-0.028263347379919875
0.025,0.99,0.4,345,289,56,0.13941164552651095,-0.023795523125395564,-0.023795523125395564
0.025,0.99,0.45,344,288,56,0.27430906364725643,0.41658080974571904,0.27430906364725643
0.025,0.99,0.5,347,290,57,0.10443543417832712,0.751585928209972,0.10443543417832712
0.025,0.99,0.55,346,289,57,0.14230172965785592,0.867673715377319,0.14230172965785592
0.025,0.99,0.6,346,289,57,-0.02436055066942517,0.9810933449299254,-0.02436055066942517
0.05,0.7,0.4,842,712,130,0.5251649070169119,1.0722118694647205,0.5251649070169119
0.05,0.7,0.45,852,720,132,0.5019909983562713,1.2200575695280298,0.5019909983562713
0.05,0.7,0.5,864,730,134,0.3306609059841089,1.3897127628960046,0.3306609059841089
0.05,0.7,0.55,879,742,137,0.3976018951266896,1.4155844087103522,0.3976018951266896
0.05,0.7,0.6,902,761,141,0.37555989094916564,1.2075215892667646,0.37555989094916564
0.05,0.8,0.4,718,602,116,0.5397592596876032,0.3569353802692465,0.3569353802692465
0.05,0.8,0.45,723,606,117,0.5070268156789806,0.546650404440906,0.5070268156789806
0.05,0.8,0.5,734,615,119,0.38586221014955663,0.8541059203366692,0.38586221014955663
0.05,0.8,0.55,740,620,120,0.5154602352969265,0.8204910752338275,0.5154602352969265
0.05,0.8,0.6,749,628,121,0.4742385491351325,1.036467327765192,0.4742385491351325
0.05,0.9,0.4,564,472,92,0.3653532821480792,1.050071064833266,0.3653532821480792
0.05,0.9,0.45,565,473,92,0.47001290539578655,1.2822498602932122,0.47001290539578655
0.05,0.9,0.5,568,475,93,0.3206194570725993,1.4721219701748007,0.3206194570725993
0.05,0.9,0.55,570,477,93,0.27833474536335373,1.552443941098376,0.27833474536335373
0.05,0.9,0.6,570,477,93,0.28852310450447427,1.694839078602387,0.28852310450447427
0.05,0.92,0.4,534,443,91,0.28693297297796666,0.890147785639295,0.28693297297796666
0.05,0.92,0.45,536,445,91,0.3436034460542634,1.1226955376359975,0.3436034460542634
0.05,0.92,0.5,537,445,92,0.19478062247518302,1.3160308596102517,0.19478062247518302
0.05,0.92,0.55,537,445,92,0.2156370513028479,1.3968325500768402,0.2156370513028479
0.05,0.92,0.6,538,446,92,0.2046154744733567,1.5526508480837136,0.2046154744733567
0.05,0.95,0.4,477,395,82,0.273023768825066,0.35447385461533276,0.273023768825066
0.05,0.95,0.45,476,394,82,0.3784348752532228,0.6302231448112441,0.3784348752532228
0.05,0.95,0.5,478,395,83,0.20682714537413555,0.8476513818678669,0.20682714537413555
0.05,0.95,0.55,478,395,83,0.2404750786241364,0.8022460526618426,0.2404750786241364
0.05,0.95,0.6,480,397,83,0.2558216796681552,1.0338898269054115,0.2558216796681552
0.05,0.975,0.4,421,351,70,0.1490939867388445,0.5045593911256007,0.1490939867388445
0.05,0.975,0.45,418,349,69,0.2614833440864657,0.8054088473130573,0.2614833440864657
0.05,0.975,0.5,421,351,70,0.10386200828022113,0.9708261476729657,0.10386200828022113
0.05,0.975,0.55,420,350,70,0.07526519990387802,0.9461159353583282,0.07526519990387802
0.05,0.975,0.6,422,352,70,0.013219724826916327,1.0262221444137605,0.013219724826916327
0.05,0.99,0.4,389,325,64,0.13820501132989121,0.4160781330989153,0.13820501132989121
0.05,0.99,0.45,386,323,63,0.27167071372886964,0.7034442843685759,0.27167071372886964
0.05,0.99,0.5,389,325,64,0.13098510095365767,0.95867550414862,0.13098510095365767
0.05,0.99,0.55,388,324,64,0.10177774442513231,1.1399406765648772,0.10177774442513231
0.05,0.99,0.6,389,325,64,0.016734791809270136,1.2349707623691228,0.016734791809270136
0.08,0.7,0.4,910,768,142,0.5652413723458589,0.9424817572789935,0.5652413723458589
0.08,0.7,0.45,918,774,144,0.5710783308909001,1.0680350469218385,0.5710783308909001
0.08,0.7,0.5,929,783,146,0.402009638062682,1.2260426545288146,0.402009638062682
0.08,0.7,0.55,944,795,149,0.42452954281128846,1.1890137002603671,0.42452954281128846
0.08,0.7,0.6,966,813,153,0.421725596070071,0.9986799374025513,0.421725596070071
0.08,0.8,0.4,786,658,128,0.5797851979025175,0.23714815285390464,0.23714815285390464
0.08,0.8,0.45,789,660,129,0.5765541477143098,0.40195987091212176,0.40195987091212176
0.08,0.8,0.5,799,668,131,0.45549977163392136,0.6913499205913506,0.45549977163392136
0.08,0.8,0.55,805,673,132,0.5393651918644428,0.5922633967916332,0.5393651918644428
0.08,0.8,0.6,813,680,133,0.51664316692539,0.8290607791735837,0.51664316692539
0.08,0.9,0.4,632,528,104,0.41543269337752786,0.8953769558594857,0.41543269337752786
0.08,0.9,0.45,631,527,104,0.546901620024583,1.1015986194729253,0.546901620024583
0.08,0.9,0.5,633,528,105,0.40089422337976877,1.253757371430573,0.40089422337976877
0.08,0.9,0.55,635,530,105,0.311048814476058,1.2567675570378913,0.311048814476058
0.08,0.9,0.6,634,529,105,0.3433274653605492,1.4252848795839324,0.3433274653605492
0.08,0.92,0.4,602,499,103,0.3409248267609578,0.7490398638780263,0.3409248267609578
0.08,0.92,0.45,602,499,103,0.42787754067877787,0.9590689093243974,0.42787754067877787
0.08,0.92,0.5,602,498,104,0.2816542910744788,1.1119937863334264,0.2816542910744788
0.08,0.92,0.55,602,498,104,0.2512170259278456,1.1171792703534977,0.2512170259278456
0.08,0.92,0.6,602,498,104,0.2643747895944796,1.2929085256667092,0.2643747895944796
0.08,0.95,0.4,545,451,94,0.32596850877237377,0.19321932548249382,0.19321932548249382
0.08,0.95,0.45,542,448,94,0.45935873860072657,0.4380243386280841,0.4380243386280841
0.08,0.95,0.5,543,448,95,0.2923400525547122,0.6382920498128423,0.2923400525547122
0.08,0.95,0.55,543,448,95,0.27471468452251147,0.5130131912764594,0.27471468452251147
0.08,0.95,0.6,544,449,95,0.312307257714898,0.778874671937178,0.312307257714898
0.08,0.975,0.4,489,407,82,0.21569197015838817,0.32508143195035516,0.21569197015838817
0.08,0.975,0.45,484,403,81,0.3581602796025117,0.5892006739900998,0.3581602796025117
0.08,0.975,0.5,486,404,82,0.2050698902270549,0.7395742668410697,0.2050698902270549
0.08,0.975,0.55,485,403,82,0.12110788119210518,0.6243595738232982,0.12110788119210518
0.08,0.975,0.6,486,404,82,0.09112214588786857,0.7471789851270209,0.09112214588786857
0.08,0.99,0.4,457,381,76,0.2068401997068238,0.2424420228611233,0.2068401997068238
0.08,0.99,0.45,452,377,75,0.36834853978040005,0.4938101673055207,0.36834853978040005
0.08,0.99,0.5,454,378,76,0.23111248007837926,0.7265705101764592,0.23111248007837926
0.08,0.99,0.55,453,377,76,0.14589741468594578,0.8015874590916028,0.14589741468594578
0.08,0.99,0.6,453,377,76,0.0943774105354116,0.9405730428499829,0.0943774105354116
0.1,0.7,0.4,948,793,155,0.5308381335283708,0.5185099214531721,0.5185099214531721
0.1,0.7,0.45,955,798,157,0.5212119918327575,0.6677120543896231,0.5212119918327575
0.1,0.7,0.5,966,807,159,0.3327699784221052,0.8382769121037219,0.3327699784221052
0.1,0.7,0.55,980,819,161,0.3403005478820728,0.7823921156586661,0.3403005478820728
0.1,0.7,0.6,1003,838,165,0.3110051232821264,0.5626601182926562,0.3110051232821264
0.1,0.8,0.4,824,683,141,0.5452751402381525,-0.20100437761090728,-0.20100437761090728
0.1,0.8,0.45,826,684,142,0.5263278345156144,-0.016132581852709587,-0.016132581852709587
0.1,0.8,0.5,836,692,144,0.3849717275258184,0.28505544483995304,0.28505544483995304
0.1,0.8,0.55,841,697,144,0.4517540112256772,0.16714196282710975,0.16714196282710975
0.1,0.8,0.6,850,705,145,0.40267456406662083,0.3910196973093783,0.3910196973093783
0.1,0.9,0.4,670,553,117,0.37495007377689804,0.481178339097321,0.37495007377689804
0.1,0.9,0.45,668,551,117,0.48996761763180785,0.7060967587993832,0.48996761763180785
0.1,0.9,0.5,670,552,118,0.32059742523692547,0.8445350291757615,0.32059742523692547
0.1,0.9,0.55,671,554,117,0.21793748292814266,0.8261862456781047,0.21793748292814266
0.1,0.9,0.6,671,554,117,0.21928821637732507,0.9841621866798616,0.21928821637732507
0.1,0.92,0.4,640,524,116,0.29987954400502453,0.3629661597898796,0.29987954400502453
0.1,0.92,0.45,639,523,116,0.37360603534264064,0.5912409106924216,0.37360603534264064
0.1,0.92,0.5,639,522,117,0.20321656133495827,0.7203481967961689,0.20321656133495827
0.1,0.92,0.55,638,522,116,0.15779479789351028,0.7040308166958663,0.15779479789351028
0.1,0.92,0.6,639,523,116,0.14117596308757974,0.8624033981433,0.14117596308757974
0.1,0.95,0.4,583,476,107,0.286649644466874,-0.2791372479258974,-0.2791372479258974
0.1,0.95,0.45,579,472,107,0.40506303594427934,-0.011364999633152156,-0.011364999633152156
0.1,0.95,0.5,580,472,108,0.21446947202900454,0.22098745753348653,0.21446947202900454
0.1,0.95,0.55,579,472,107,0.18163173356611817,0.07529423751971363,0.07529423751971363
0.1,0.95,0.6,581,474,107,0.18818685431306648,0.34139593638517146,0.18818685431306648
0.1,0.975,0.4,527,432,95,0.17098479858279875,-0.17400753374665678,-0.17400753374665678
0.1,0.975,0.45,521,427,94,0.3003366153365801,0.11246776601462836,0.11246776601462836
0.1,0.975,0.5,523,428,95,0.1201673563310551,0.2992370337434142,0.1201673563310551
0.1,0.975,0.55,521,427,94,0.022853823470325905,0.15490070704266803,0.022853823470325905
0.1,0.975,0.6,523,429,94,-0.03605315681176013,0.2806960798721541,-0.03605315681176013
0.1,0.99,0.4,495,406,89,0.1610990086498382,-0.2522251831424267,-0.2522251831424267
0.1,0.99,0.45,489,401,88,0.309373345500864,0.020573077005283564,0.020573077005283564
0.1,0.99,0.5,491,402,89,0.14468640495347698,0.2842492522169837,0.14468640495347698
0.1,0.99,0.55,489,401,88,0.04710179569531737,0.3194907768122769,0.04710179569531737
0.1,0.99,0.6,490,402,88,-0.03295828272223535,0.46338032094431747,-0.03295828272223535
0.2,0.7,0.4,1107,925,182,0.35070730463798505,0.23473170177310151,0.23473170177310151
0.2,0.7,0.45,1110,927,183,0.33678209641139084,0.17228968323914182,0.17228968323914182
0.2,0.7,0.5,1118,934,184,0.18897657283776567,0.24984075554994878,0.18897657283776567
0.2,0.7,0.55,1128,942,186,0.2145206620970915,0.25576474792445525,0.2145206620970915
0.2,0.7,0.6,1146,957,189,0.19941740442774608,-0.056489140262983135,-0.056489140262983135
0.2,0.8,0.4,983,815,168,0.3652303736893147,-0.5393059692859596,-0.5393059692859596
0.2,0.8,0.45,981,813,168,0.3409439626125921,-0.5827237426630445,-0.5827237426630445
0.2,0.8,0.5,988,819,169,0.2400681309328217,-0.3763850807262239,-0.3763850807262239
0.2,0.8,0.55,989,820,169,0.3224775825317273,-0.4066132705201805,-0.4066132705201805
0.2,0.8,0.6,993,824,169,0.2872175781258903,-0.2433019149931044,-0.2433019149931044
0.2,0.9,0.4,829,685,144,0.1658085323757183,0.2148419304345908,0.1658085323757183
0.2,0.9,0.45,823,680,143,0.2798148687080545,0.22605041129954087,0.22605041129954087
0.2,0.9,0.5,822,679,143,0.15683150119418854,0.2077232613994362,0.15683150119418854
0.2,0.9,0.55,819,677,142,0.07921500654157623,0.2518984392917931,0.07921500654157623
0.2,0.9,0.6,814,673,141,0.0961778542900042,0.3602156327455536,0.0961778542900042
0.2,0.92,0.4,799,656,143,0.08896128896944044,0.10549361698161523,0.08896128896944044
0.2,0.92,0.45,794,652,142,0.158224155397878,0.13394549616420265,0.13394549616420265
0.2,0.92,0.5,791,649,142,0.04124790498643771,0.09655858643326266,0.04124790498643771
0.2,0.92,0.55,786,645,141,0.018683132864309743,0.14467078371444161,0.018683132864309743
0.2,0.92,0.6,782,642,140,0.01997207116822957,0.2426581029592077,0.01997207116822957
0.2,0.95,0.4,742,608,134,0.08294668538790924,-0.6648162745253811,-0.6648162745253811
0.2,0.95,0.45,734,601,133,0.1948270047300856,-0.6455580280856777,-0.6455580280856777
0.2,0.95,0.5,732,599,133,0.05377469618625468,-0.5001528445746204,-0.5001528445746204
0.2,0.95,0.55,727,595,132,0.043351656526227536,-0.5488545125750696,-0.5488545125750696
0.2,0.95,0.6,724,593,131,0.0660506547478638,-0.3278333011623632,-0.3278333011623632
0.2,0.975,0.4,686,564,122,-0.05558076127156699,-0.5713309479554618,-0.5713309479554618
0.2,0.975,0.45,676,556,120,0.06238832192905926,-0.54559295488024,-0.54559295488024
0.2,0.975,0.5,675,555,120,-0.05434272119278616,-0.45003084022417567,-0.45003084022417567
0.2,0.975,0.55,669,550,119,-0.12359254806329519,-0.5054447078158527,-0.5054447078158527
0.2,0.975,0.6,666,548,118,-0.15846527724585224,-0.43500109327685343,-0.43500109327685343
0.2,0.99,0.4,654,538,116,-0.06955981986913864,-0.6557754838763018,-0.6557754838763018
0.2,0.99,0.45,644,530,114,0.06947564486220738,-0.646373959811678,-0.646373959811678
0.2,0.99,0.5,643,529,114,-0.0317239821780301,-0.47066141680798307,-0.47066141680798307
0.2,0.99,0.55,637,524,113,-0.0996109346414227,-0.34649824645888466,-0.34649824645888466
0.2,0.99,0.6,633,521,112,-0.15534397472339556,-0.2513947952520517,-0.2513947952520517
0.3,0.7,0.4,1257,1052,205,0.23787804671322574,0.18271373629663526,0.18271373629663526
0.3,0.7,0.45,1247,1044,203,0.13535280306782219,0.19336998417661302,0.13535280306782219
0.3,0.7,0.5,1247,1045,202,-0.06355563591194292,0.5447318990469544,-0.06355563591194292
0.3,0.7,0.55,1254,1051,203,-0.05376691432018553,0.5418133501054354,-0.05376691432018553
0.3,0.7,0.6,1267,1061,206,-0.14158777523701643,0.22767244079126492,-0.14158777523701643
0.3,0.8,0.4,1133,942,191,0.2525251170680977,-0.5627807175606241,-0.5627807175606241
0.3,0.8,0.45,1118,930,188,0.13860459090841853,-0.5350941322642518,-0.5350941322642518
0.3,0.8,0.5,1117,930,187,-0.010568476543867202,-0.050337026313716754,-0.050337026313716754
0.3,0.8,0.55,1115,929,186,0.05480918824238599,-0.10548605587477723,-0.10548605587477723
0.3,0.8,0.6,1114,928,186,-0.052046170753241125,0.0438170799158233,-0.052046170753241125
0.3,0.9,0.4,979,812,167,0.03683647188668045,0.15420591086302388,0.03683647188668045
0.3,0.9,0.45,960,797,163,0.0526102162892237,0.24219780620176717,0.0526102162892237
0.3,0.9,0.5,951,790,161,-0.12707987756594913,0.5451064423726167,-0.12707987756594913
0.3,0.9,0.55,945,786,159,-0.22107865493300688,0.5723084858703886,-0.22107865493300688
0.3,0.9,0.6,935,777,158,-0.28671346429478695,0.660312873002411,-0.28671346429478695
0.3,0.92,0.4,949,783,166,-0.041105725019332025,0.053286327072861434,-0.041105725019332025
0.3,0.92,0.45,931,769,162,-0.0740171690927427,0.15201756600236646,-0.0740171690927427
0.3,0.92,0.5,920,760,160,-0.2467819465895052,0.4224219211818988,-0.2467819465895052
0.3,0.92,0.55,912,754,158,-0.286166092350351,0.4529140882629969,-0.286166092350351
0.3,0.92,0.6,903,746,157,-0.3681219456802048,0.5363234063865254,-0.3681219456802048
0.3,0.95,0.4,892,735,157,-0.043207987408709125,-0.688777353709689,-0.688777353709689
0.3,0.95,0.45,871,718,153,-0.03230240010503904,-0.5888743043511377,-0.5888743043511377
0.3,0.95,0.5,861,710,151,-0.23095174284039116,-0.1293002692397094,-0.23095174284039116
0.3,0.95,0.55,853,704,149,-0.2578192893660313,-0.21171043760475872,-0.2578192893660313
0.3,0.95,0.6,845,697,148,-0.3176675207410432,-0.01697447130883815,-0.3176675207410432
0.3,0.975,0.4,836,691,145,-0.19271450884690064,-0.6016923796025581,-0.6016923796025581
0.3,0.975,0.45,813,673,140,-0.19134335389686494,-0.49057612826405655,-0.49057612826405655
0.3,0.975,0.5,804,666,138,-0.3666469879522034,-0.06306297034566431,-0.3666469879522034
0.3,0.975,0.55,795,659,136,-0.4519445522827626,-0.14826870883405083,-0.4519445522827626
0.3,0.975,0.6,787,652,135,-0.5778386119408049,-0.10397151721710225,-0.5778386119408049
0.3,0.99,0.4,804,665,139,-0.20852310994934584,-0.6811190301148962,-0.6811190301148962
0.3,0.99,0.45,781,647,134,-0.18591103540820544,-0.5865471376116415,-0.5865471376116415
0.3,0.99,0.5,772,640,132,-0.3445942418965008,-0.0810378006928554,-0.3445942418965008
0.3,0.99,0.55,763,633,130,-0.425804444805857,0.016488626686066737,-0.425804444805857
0.3,0.99,0.6,754,625,129,-0.5735614268235363,0.08268678880984806,-0.5735614268235363
